{"normal": {"rewards": [72.70943005111413, 58.26235549050918, 76.51051464711836, 41.035199198526364, 50.38228045817195, 46.672448389414164, 41.065763593674404, 39.29914981240202, 42.93718879077839, 48.30484203078447, 44.48359699236907, 35.21387499533736, 42.510064230381865, 29.88680620899028, 39.1367592154192, 44.30358171936356, 35.07955513005673, 37.09645471244681, 35.36297776291267, 31.088021366658765, 29.598752519252436, 33.491637477286574, 33.031073816388336, 33.077896270958426, 27.419409492176932, 31.636081081896116, 34.1126897049771, 32.23867640233845, 27.71659595301955, 107.44382491580346, 176.7890749989183, 144.12973148108046, 109.58344428115993, 67.13847315680815, 72.71180989013145, 52.436626063238194, 66.66206093039102, 66.76702148707231, 53.640263332918614, 80.03859761471232, 231.25961386587645, 57.10594700500225, 55.45596548371269, 51.764347166111904, 57.12682242205723, 38.34963858963196, 37.02701409835757, 47.48829612089219, 34.83720131270295, 39.36416174623561, 61.25721942934135, 37.62537151208991, 102.07127295845146, 542.3430325487227, 209.58204759656414, 376.123458725185, 132.01547013069668, 67.11320062063177, 145.0293385820496, 36.784944751768535, 35.093544760504, 33.34016785148066, 32.93153909354365, 32.83228155691189, 27.716598123056592], "lane_changes": [0, 0, 0, 0, 0, 0, 0, 0, 0, 0, 0, 0, 0, 0, 0, 0, 0, 0, 0, 0, 0, 0, 0, 0, 0, 0, 0, 0, 0, 0, 0, 0, 0, 0, 0, 0, 0, 0, 0, 0, 0, 0, 0, 0, 0, 0, 0, 0, 0, 0, 0, 0, 0, 0, 0, 0, 0, 0, 0, 0, 0, 0, 0, 0, 0], "q_losses": [0.3555648922920227, 0.3207889795303345, 0.20199516415596008, 0.5683095455169678, 0.2638702690601349, 0.45956143736839294, 0.42608392238616943, 0.15812674164772034, 0.5405067205429077, 0.14962603151798248, 0.3594527244567871, 0.7391740083694458, 0.46885859966278076, 0.2573849558830261, 0.24932777881622314, 0.290693461894989, 1.338937759399414, 0.36263787746429443, 0.4206109344959259, 0.676967978477478, 1.1198675632476807, 0.08451975882053375, 0.10290180891752243, 0.3819970488548279, 1.5535321235656738, 0.13736924529075623, 0.6409609317779541, 0.13929639756679535, 0.43885916471481323, 1.1138269901275635, 0.5766674876213074, 0.918633222579956, 0.6190928220748901, 0.23234987258911133, 0.13475406169891357, 0.09469497948884964, 1.5649197101593018, 0.6407853960990906, 0.7274996042251587, 0.5456627607345581, 0.6962069869041443, 0.9970909953117371, 0.47527390718460083, 0.8583776950836182, 0.22144564986228943, 0.52315753698349, 1.0601142644882202, 1.9356460571289062, 0.5236027836799622, 0.2038842737674713, 0.6074593663215637, 0.14441107213497162, 0.3569294214248657, 1.244290828704834, 0.16290231049060822, 1.0691418647766113, 1.1543492078781128, 0.6162958741188049, 1.6405224800109863, 0.16315136849880219, 0.7324032783508301, 2.1193315982818604, 1.773977279663086, 0.7327839732170105, 1.2679237127304077], "policy_losses": [1.3624911308288574, 0.7622274160385132, 0.35408344864845276, -0.0684150904417038, -0.3899281322956085, -0.5313319563865662, -0.5491791367530823, -0.9444209933280945, -1.1313726902008057, -1.2944391965866089, -1.3392305374145508, -2.0852766036987305, -1.778897762298584, -2.2978882789611816, -2.0105113983154297, -2.3135430812835693, -2.2484164237976074, -2.5243680477142334, -2.818584680557251, -3.1500885486602783, -2.9930782318115234, -3.3583288192749023, -3.702209234237671, -3.533890724182129, -3.6898014545440674, -3.921761989593506, -3.7332682609558105, -4.244050979614258, -4.067361354827881, -2.728986978530884, -3.6364474296569824, -4.18279504776001, -4.692880153656006, -4.78896951675415, -5.089630126953125, -5.333101749420166, -5.85029411315918, -6.051987648010254, -6.143172264099121, -2.2386980056762695, -3.6387975215911865, -3.6894185543060303, -4.12022590637207, -4.509108543395996, -4.780203342437744, -4.717040538787842, -5.00537633895874, -5.370449542999268, -5.178420066833496, -5.780855655670166, -5.796693801879883, -6.085938930511475, -1.4674065113067627, -3.7497854232788086, -4.543965816497803, -5.794937610626221, -6.178561687469482, -6.395142078399658, -7.020102024078369, -7.546526908874512, -8.111346244812012, -7.9738850593566895, -8.376087188720703, -8.750900268554688, -8.705147743225098], "mean_speeds": [78.07669435409814, 65.57187893821195, 76.61950210153772, 52.69580978161524, 56.348966707060285, 56.065612475693065, 53.45325421167322, 52.03064106695935, 54.295563842463565, 51.84104614924769, 42.46205272495233, 45.71772438874865, 38.62596934246978, 41.97411297612406, 50.45275240238956, 40.69980816310495, 39.89066161073269, 39.03697280103581, 42.218543352396225, 33.71728455479416, 40.130973680156714, 44.01083596952633, 35.170143112869134, 34.16309602263669, 33.19133042259768, 42.75750474589402, 34.73017149719937, 28.82534382187896, 35.26509215206799, 86.68203466491576, 97.4701527088695, 92.29975244287891, 86.13737956665857, 63.543321228291354, 72.57068578323651, 60.72829844751759, 57.01890451778811, 59.25097044838179, 45.67526839759925, 76.06898183735282, 60.24825561209981, 48.818504554712376, 47.41140680930993, 53.151632323783076, 48.62612325454266, 38.13972207469183, 45.67402585737188, 38.77773070760888, 29.69776865848454, 35.22674375799881, 24.30654742060645, 37.766053276845824, 84.13150577724969, 94.39432351978829, 101.77295309703318, 108.739915521499, 92.74626619314512, 72.19807661927925, 40.26885276449845, 38.59376474278075, 39.24103316098344, 38.87015106083027, 33.486831471053286, 24.68760278378628, 29.608113599406376], "collision_rates": [0.022222222222222223, 0.02702702702702703, 0.02127659574468085, 0.03571428571428571, 0.030303030303030304, 0.03225806451612903, 0.03571428571428571, 0.037037037037037035, 0.034482758620689655, 0.03125, 0.03333333333333333, 0.04, 0.034482758620689655, 0.045454545454545456, 0.037037037037037035, 0.03333333333333333, 0.04, 0.038461538461538464, 0.04, 0.043478260869565216, 0.045454545454545456, 0.041666666666666664, 0.041666666666666664, 0.041666666666666664, 0.047619047619047616, 0.043478260869565216, 0.04, 0.04, 0.047619047619047616, 0.015625, 0.00980392156862745, 0.011904761904761904, 0.015384615384615385, 0.023809523809523808, 0.022222222222222223, 0.029411764705882353, 0.023809523809523808, 0.023809523809523808, 0.02857142857142857, 0.02040816326530612, 0.007518796992481203, 0.02702702702702703, 0.027777777777777776, 0.029411764705882353, 0.02702702702702703, 0.037037037037037035, 0.038461538461538464, 0.03125, 0.03571428571428571, 0.03571428571428571, 0.02040816326530612, 0.037037037037037035, 0.01639344262295082, 0.003257328990228013, 0.008333333333333333, 0.004694835680751174, 0.012987012987012988, 0.023809523809523808, 0.011235955056179775, 0.038461538461538464, 0.04, 0.041666666666666664, 0.041666666666666664, 0.037037037037037035, 0.045454545454545456]}, "safe": {"rewards": [463.21887484600023, 83.83529140903278, 74.41209325779656, 164.14387029154287, 124.17694472575829, 129.51450715034014, 156.7151288507009, 193.74939642461024, 57.49250406946139, 57.40236594407665, 57.37658167860944, 46.409301105612215, 68.9167431062552, 83.94526342039919, 96.95032897585301, 718.2833333333333, 349.5159677335273, 718.2833333333333, 603.5190670416052, 61.58364863903338, 88.51217463272697, 326.2814630681757, 259.59342472511696, 67.28946556891735, 189.42169328326952, 303.33939631445134, 304.626992365888, 406.60811248013886, 360.1619289882218, 128.3962666026547, 76.83463579011644, 160.54924696348996, 171.3199882284552, 702.5402326293591, 41.28789168897578, 46.266760710553285, 42.53542216063383, 37.10119796536904, 42.43416123004757, 103.60442997465749, 83.47819838999646, 79.51715323008705, 63.1762424626321, 65.05560667532013, 51.932562933470436, 57.63003682943084, 46.645328932450084, 46.29292747312546, 49.86395772760617, 46.079465859536235, 47.91030278652376, 36.935059451383566, 240.71038330958862, 63.349128780485216, 48.68562909631803, 55.99704884571967, 48.59047683859839, 53.806573255358856, 46.65230479201211, 41.155612211244645, 48.51068542673384, 44.47592929691382, 39.069737069590694, 35.52285368073117, 35.5344617171325],